<?xml version="1.0" encoding="UTF-8"?>
<gesmes:Envelope xmlns:gesmes="http://www.gesmes.org/xml/2002-08-01" xmlns="http://www.ecb.int/vocabulary/2002-08-01/eurofxref">
	<gesmes:subject>Reference rates</gesmes:subject>
	<gesmes:Sender>
		<gesmes:name>European Central Bank</gesmes:name>
	</gesmes:Sender>
	<Cube>
		<Cube time='2011-11-04'>
			<Cube currency='USD' rate='1.3773'/>
			<Cube currency='JPY' rate='107.55'/>
			<Cube currency='BGN' rate='1.9558'/>
			<Cube currency='CZK' rate='24.992'/>
			<Cube currency='DKK' rate='7.4427'/>
			<Cube currency='GBP' rate='0.86125'/>
			<Cube currency='HUF' rate='304.05'/>
			<Cube currency='LTL' rate='3.4528'/>
			<Cube currency='LVL' rate='0.7030'/>
			<Cube currency='PLN' rate='4.3611'/>
			<Cube currency='RON' rate='4.3566'/>
			<Cube currency='SEK' rate='9.1113'/>
			<Cube currency='CHF' rate='1.2217'/>
			<Cube currency='NOK' rate='7.7640'/>
			<Cube currency='HRK' rate='7.4948'/>
			<Cube currency='RUB' rate='42.1120'/>
			<Cube currency='TRY' rate='2.4225'/>
			<Cube currency='AUD' rate='1.3280'/>
			<Cube currency='BRL' rate='2.3957'/>
			<Cube currency='CAD' rate='1.4040'/>
			<Cube currency='CNY' rate='8.7321'/>
			<Cube currency='HKD' rate='10.6997'/>
			<Cube currency='IDR' rate='12328.18'/>
			<Cube currency='ILS' rate='5.0519'/>
			<Cube currency='INR' rate='67.6323'/>
			<Cube currency='KRW' rate='1530.65'/>
			<Cube currency='MXN' rate='18.4317'/>
			<Cube currency='MYR' rate='4.3018'/>
			<Cube currency='NZD' rate='1.7401'/>
			<Cube currency='PHP' rate='59.064'/>
			<Cube currency='SGD' rate='1.7460'/>
			<Cube currency='THB' rate='42.228'/>
			<Cube currency='ZAR' rate='10.8341'/>
		</Cube>
	</Cube>
</gesmes:Envelope>